fit_unit_id,lake_id,phase,branch_label,point_count,linear_r2,linear_rmse,linear_aicc,linear_coefficients,quadratic_r2,quadratic_rmse,quadratic_aicc,quadratic_coefficients,selected_model,selected_r2,selected_rmse,selected_aicc,selected_coefficients,selection_rule,aicc_parameterization
lake_004_original_b02,4,original,B2,28,0.9942303284240608,0.1321321970815335,-106.34133241275178,3.06736752188;644.864485639,0.9954221719414909,0.1176963103609653,-110.0811358950392,-0.17069768509;3.50058896719;644.662896952,quadratic,0.9954221719414909,0.1176963103609653,-110.0811358950392,-0.17069768509;3.50058896719;644.662896952,minimum finite AICc among candidates with R2 > 0.8,regression coefficients + residual variance (locked ordinary workflow)
lake_005_original_b01,5,original,B1,9,0.9713421125862364,0.2070928009635772,-17.542588902222302,3.14472096763;767.690935896,0.9735961801868924,0.1987816522758884,-11.079869065086118,0.780849507282;1.090523666;768.926404325,linear,0.9713421125862364,0.2070928009635772,-17.542588902222302,3.14472096763;767.690935896,minimum finite AICc among candidates with R2 > 0.8,regression coefficients + residual variance (locked ordinary workflow)
lake_006_original_b01,6,original,B1,9,0.9828433422917208,0.157710782108145,-22.445863494141097,1.77532055752;677.234042114,0.9880943639710772,0.1313776057120737,-18.534233084886296,-0.881163039568;3.35026471957;676.934841963,linear,0.9828433422917208,0.157710782108145,-22.445863494141097,1.77532055752;677.234042114,minimum finite AICc among candidates with R2 > 0.8,regression coefficients + residual variance (locked ordinary workflow)
lake_007_original_b01,7,original,B1,11,0.9088208686771168,0.5566407689518872,-3.45980266700551,3.06407131786;666.988721534,0.9876562651115064,0.2048097271561483,-20.21815893676437,-2.21216311074;7.70622876276;665.352136047,quadratic,0.9876562651115064,0.2048097271561483,-20.21815893676437,-2.21216311074;7.70622876276;665.352136047,minimum finite AICc among candidates with R2 > 0.8,regression coefficients + residual variance (locked ordinary workflow)
lake_008_original_b01,8,original,B1,32,0.8372463124457199,0.5107490211246974,-36.14298270004961,5.230910943;768.854727599,0.8781310540485593,0.4419657872910852,-42.77597798854216,4.92258689993;0.665133295885;769.644100643,quadratic,0.8781310540485593,0.4419657872910852,-42.77597798854216,4.92258689993;0.665133295885;769.644100643,minimum finite AICc among candidates with R2 > 0.8,regression coefficients + residual variance (locked ordinary workflow)
lake_009_original_b01,9,original,B1,13,0.9582169595995907,0.5592296955092808,-6.4444029671262335,5.45611718686;717.281168338,0.9871736615990636,0.3098429024287638,-17.463936784092258,-3.28165232641;10.3115425652;716.280746876,quadratic,0.9871736615990636,0.3098429024287638,-17.463936784092258,-3.28165232641;10.3115425652;716.280746876,minimum finite AICc among candidates with R2 > 0.8,regression coefficients + residual variance (locked ordinary workflow)
lake_010_original_b01,10,original,B1,16,0.95597500605825,0.3529561909863019,-25.32516270736492,4.73874221634;715.611511965,0.9612992176007722,0.3309261022546088,-23.751162269517422,-1.74915442697;6.48016471606;715.414190032,linear,0.95597500605825,0.3529561909863019,-25.32516270736492,4.73874221634;715.611511965,minimum finite AICc among candidates with R2 > 0.8,regression coefficients + residual variance (locked ordinary workflow)
lake_011_original_b01,11,original,B1,28,0.968652266359676,0.3737276261618547,-48.11676907414736,4.3596977033;702.186476806,0.9918554872802272,0.1904954826083702,-83.11597025536979,-1.64935267131;7.48657070291;701.132620652,quadratic,0.9918554872802272,0.1904954826083702,-83.11597025536979,-1.64935267131;7.48657070291;701.132620652,minimum finite AICc among candidates with R2 > 0.8,regression coefficients + residual variance (locked ordinary workflow)
lake_012_original_b01,12,original,B1,7,0.875989170807547,0.3043203055082514,-2.655442940094055,11.258761039;665.242042036,0.9936286952789156,0.0689787490212019,-9.43539529830845,-81.3893012067;49.247196;661.285190263,quadratic,0.9936286952789156,0.0689787490212019,-9.43539529830845,-81.3893012067;49.247196;661.285190263,minimum finite AICc among candidates with R2 > 0.8,regression coefficients + residual variance (locked ordinary workflow)
lake_013_original_b01,13,original,B1,24,0.9095710842474204,0.375045826349506,-39.87393873020616,2.98467522483;619.186155342,0.9145967114022748,0.3644751909257284,-38.34098291348459,0.482548298492;2.23053538878;619.404164542,linear,0.9095710842474204,0.375045826349506,-39.87393873020616,2.98467522483;619.186155342,minimum finite AICc among candidates with R2 > 0.8,regression coefficients + residual variance (locked ordinary workflow)
lake_015_original_b01,15,original,B1,22,0.9195492876832146,0.1698569356338328,-70.66981172533004,1.77481332233;669.981177723,0.9390641702006912,0.1478273197095668,-73.7623184092507,1.0170330823;0.342630344518;670.365818663,quadratic,0.9390641702006912,0.1478273197095668,-73.7623184092507,1.0170330823;0.342630344518;670.365818663,minimum finite AICc among candidates with R2 > 0.8,regression coefficients + residual variance (locked ordinary workflow)
lake_016_original_b01,16,original,B1,23,0.9367861201045552,0.6159853289822905,-15.025320191956824,5.93893271644;751.370423051,0.9885773508331244,0.2618469769126836,-51.417547935755096,-3.29737548563;11.3389540472;749.724015705,quadratic,0.9885773508331244,0.2618469769126836,-51.417547935755096,-3.29737548563;11.3389540472;749.724015705,minimum finite AICc among candidates with R2 > 0.8,regression coefficients + residual variance (locked ordinary workflow)
lake_019_original_b01,19,original,B1,29,0.9787666300487632,0.3247519153548956,-58.272236079711526,7.27888096888;721.699603457,0.978929535116388,0.3235037480834806,-55.78891891937706,-0.557080800429;7.95757792492;721.54516224,linear,0.9787666300487632,0.3247519153548956,-58.272236079711526,7.27888096888;721.699603457,minimum finite AICc among candidates with R2 > 0.8,regression coefficients + residual variance (locked ordinary workflow)
lake_023_original_b01,23,original,B1,11,0.9973604668761474,0.1176248144741335,-37.65704425498424,9.18662062866;892.113443468,0.9979841691461128,0.1027927387517543,-35.38422572299374,-0.734017624211;9.96173149681;891.954998424,linear,0.9973604668761474,0.1176248144741335,-37.65704425498424,9.18662062866;892.113443468,minimum finite AICc among candidates with R2 > 0.8,regression coefficients + residual variance (locked ordinary workflow)
lake_026_original_b01,26,original,B1,32,0.8074632386927036,0.7451430445813596,-11.97031780742822,6.28633238328;585.200059425,0.8087318319121831,0.7426841748107209,-9.557519618083216,-1.07767083936;7.35557299686;584.998457194,linear,0.8074632386927036,0.7451430445813596,-11.97031780742822,6.28633238328;585.200059425,minimum finite AICc among candidates with R2 > 0.8,regression coefficients + residual variance (locked ordinary workflow)
lake_027_original_b01,27,original,B1,11,0.9265839074877974,0.2103643635547967,-24.867540689909145,3.02301411853;725.607728169,0.961351803172745,0.1526304398906119,-26.68751884305844,-3.12881540662;6.83505396058;724.6485789,quadratic,0.961351803172745,0.1526304398906119,-26.68751884305844,-3.12881540662;6.83505396058;724.6485789,minimum finite AICc among candidates with R2 > 0.8,regression coefficients + residual variance (locked ordinary workflow)
lake_028_original_b01,28,original,B1,35,0.881694554085972,0.6037398413673737,-28.54863945507513,7.68616718339;436.742702656,0.8926043879586457,0.5752289520876005,-29.37576645916092,-4.36149267726;11.9364426056;435.995409755,quadratic,0.8926043879586457,0.5752289520876005,-29.37576645916092,-4.36149267726;11.9364426056;435.995409755,minimum finite AICc among candidates with R2 > 0.8,regression coefficients + residual variance (locked ordinary workflow)
lake_030_original_b01,30,original,B1,9,0.9972677173850478,0.0517509688678426,-42.503618248704,4.56128292244;669.654275192,0.9989094619743536,0.0326946040580665,-43.56981410777894,-1.17798144879;5.5746771872;669.494625854,quadratic,0.9989094619743536,0.0326946040580665,-43.56981410777894,-1.17798144879;5.5746771872;669.494625854,minimum finite AICc among candidates with R2 > 0.8,regression coefficients + residual variance (locked ordinary workflow)
lake_032_original_b01,32,original,B1,16,0.9784361720425384,0.4710850050326846,-16.086935151151152,12.2167907893;785.410218742,0.9945577847634488,0.2366596448158408,-34.47986893474883,-6.82723670294;18.3139129126;784.514215043,quadratic,0.9945577847634488,0.2366596448158408,-34.47986893474883,-6.82723670294;18.3139129126;784.514215043,minimum finite AICc among candidates with R2 > 0.8,regression coefficients + residual variance (locked ordinary workflow)
lake_034_original_b01,34,original,B1,13,0.9367127447458916,0.3556336816021057,-18.21353894953515,6.19830185466;581.971683828,0.963758820154372,0.2691199659673974,-21.1275487450664,-4.51106929872;10.6075881262;581.125020014,quadratic,0.963758820154372,0.2691199659673974,-21.1275487450664,-4.51106929872;10.6075881262;581.125020014,minimum finite AICc among candidates with R2 > 0.8,regression coefficients + residual variance (locked ordinary workflow)
lake_036_original_b01,36,original,B1,25,0.872883129831028,0.4962456677460534,-27.891351707223222,7.12932903797;744.44819268,0.9682528756895036,0.2479975149432698,-59.71682766287003,15.0426680839;-5.2461274839;746.475132295,quadratic,0.9682528756895036,0.2479975149432698,-59.71682766287003,15.0426680839;-5.2461274839;746.475132295,minimum finite AICc among candidates with R2 > 0.8,regression coefficients + residual variance (locked ordinary workflow)
lake_040_original_b01,40,original,B1,15,0.8671737828704652,0.2323088578714029,-35.608807080985244,3.76441764652;731.304422135,0.8684109952905079,0.2312244039515413,-31.930997829919903,-1.36890570658;4.88762581262;731.115325028,linear,0.8671737828704652,0.2323088578714029,-35.608807080985244,3.76441764652;731.304422135,minimum finite AICc among candidates with R2 > 0.8,regression coefficients + residual variance (locked ordinary workflow)
lake_042_original_b01,42,original,B1,12,0.9637156139542192,0.7533917880596219,2.203922793004226,27.9789664026;759.938892698,0.9954793396176228,0.2659266933694613,-18.07454461416144,-51.2465364786;52.936594996;757.887304194,quadratic,0.9954793396176228,0.2659266933694613,-18.07454461416144,-51.2465364786;52.936594996;757.887304194,minimum finite AICc among candidates with R2 > 0.8,regression coefficients + residual variance (locked ordinary workflow)
lake_045_original_b01,45,original,B1,23,0.9639803904178568,0.3063071379097923,-47.162522346180175,8.57581299072;932.540817679,0.9908208566039184,0.1546281977210123,-75.64743910539742,-12.7086906041;17.8152123094;931.299927675,quadratic,0.9908208566039184,0.1546281977210123,-75.64743910539742,-12.7086906041;17.8152123094;931.299927675,minimum finite AICc among candidates with R2 > 0.8,regression coefficients + residual variance (locked ordinary workflow)
lake_047_original_b01,47,original,B1,28,0.9265410302911714,0.6000269230684104,-21.60372216755283,15.3681710014;591.370598555,0.9270804287556348,0.5978199092151767,-19.07095019581545,3.11636023284;13.2930939347;591.650789617,linear,0.9265410302911714,0.6000269230684104,-21.60372216755283,15.3681710014;591.370598555,minimum finite AICc among candidates with R2 > 0.8,regression coefficients + residual variance (locked ordinary workflow)
lake_050_original_b01,50,original,B1,23,0.9577058260554748,0.2807675562622886,-51.16733718384664,8.81310220603;707.636844159,0.9703422166845616,0.2351126477524227,-56.37154204519478,-9.40748268879;14.0322748521;707.134216401,quadratic,0.9703422166845616,0.2351126477524227,-56.37154204519478,-9.40748268879;14.0322748521;707.134216401,minimum finite AICc among candidates with R2 > 0.8,regression coefficients + residual variance (locked ordinary workflow)
lake_051_original_b01,51,original,B1,18,0.9844397301270974,0.1789329598602964,-54.232500777413335,9.50739219821;683.929241739,0.9915024485158108,0.1322296004741095,-61.75883383820323,-6.65821175851;12.6730158684;683.712802552,quadratic,0.9915024485158108,0.1322296004741095,-61.75883383820323,-6.65821175851;12.6730158684;683.712802552,minimum finite AICc among candidates with R2 > 0.8,regression coefficients + residual variance (locked ordinary workflow)
lake_052_original_b01,52,original,B1,19,0.9218159431266376,0.2733128150036711,-41.691255296235695,6.92743291558;598.08257629,0.9386488598463748,0.2421097133033762,-43.04070034543332,-8.89202967159;11.822546777;597.579826738,quadratic,0.9386488598463748,0.2421097133033762,-43.04070034543332,-8.89202967159;11.822546777;597.579826738,minimum finite AICc among candidates with R2 > 0.8,regression coefficients + residual variance (locked ordinary workflow)
lake_056_original_b01,56,original,B1,25,0.9854720321718654,0.1606937131431525,-84.26989929223348,9.29112851753;752.182195368,0.986904971145414,0.1525631619937215,-84.0088295837141,-3.58053302362;10.9836533679;752.054975551,linear,0.9854720321718654,0.1606937131431525,-84.26989929223348,9.29112851753;752.182195368,minimum finite AICc among candidates with R2 > 0.8,regression coefficients + residual variance (locked ordinary workflow)
lake_058_original_b01,58,original,B1,13,0.94249761963386,0.19652615325539,-33.63428712146421,9.83155838023;902.030774255,0.9537451990913764,0.1762608458596528,-32.13054786215855,-20.5131352851;19.5277591796;901.042346226,linear,0.94249761963386,0.19652615325539,-33.63428712146421,9.83155838023;902.030774255,minimum finite AICc among candidates with R2 > 0.8,regression coefficients + residual variance (locked ordinary workflow)
lake_059_original_b01,59,original,B1,9,0.9551918036430788,0.1196219719020303,-27.421537370095248,5.10715654715;729.548534601,0.9833425595993384,0.0729350625694823,-29.127344176156782,-9.63546501551;9.19330020025;729.232439362,quadratic,0.9833425595993384,0.0729350625694823,-29.127344176156782,-9.63546501551;9.19330020025;729.232439362,minimum finite AICc among candidates with R2 > 0.8,regression coefficients + residual variance (locked ordinary workflow)
lake_060_original_b01,60,original,B1,15,0.8923887378126961,0.1861941951647354,-42.24713451503417,7.01692789154;959.201292909,0.953689067536846,0.1221459403439278,-51.0761615051224,-30.775402846;24.0472869841;957.067833692,quadratic,0.953689067536846,0.1221459403439278,-51.0761615051224,-30.775402846;24.0472869841;957.067833692,minimum finite AICc among candidates with R2 > 0.8,regression coefficients + residual variance (locked ordinary workflow)
lake_066_original_b01,66,original,B1,19,0.9452456214841802,0.4825442608164023,-20.08993994563424,22.272762742;839.198501955,0.9706167103484968,0.3534906539651924,-28.6589899803613,-87.3401368086;50.1646904931;837.727574837,quadratic,0.9706167103484968,0.3534906539651924,-28.6589899803613,-87.3401368086;50.1646904931;837.727574837,minimum finite AICc among candidates with R2 > 0.8,regression coefficients + residual variance (locked ordinary workflow)
lake_070_original_b01,70,original,B1,12,0.9922508331015316,0.2252829538353246,-26.76955426220105,21.1202118176;618.794525925,0.9930647788991934,0.2131233235537072,-23.386937413689186,-11.7558169239;25.9278070686;618.497450484,linear,0.9922508331015316,0.2252829538353246,-26.76955426220105,21.1202118176;618.794525925,minimum finite AICc among candidates with R2 > 0.8,regression coefficients + residual variance (locked ordinary workflow)
lake_072_original_b02,72,original,B2,12,0.9436523880676426,0.1917273676134169,-30.64034103360485,6.10806958096;930.522427801,0.9836159322497632,0.10338492561765,-40.74882103609319,-16.5441222542;12.9165336567;930.10113681,quadratic,0.9836159322497632,0.10338492561765,-40.74882103609319,-16.5441222542;12.9165336567;930.10113681,minimum finite AICc among candidates with R2 > 0.8,regression coefficients + residual variance (locked ordinary workflow)
lake_073_original_b01,73,original,B1,13,0.8350278436272848,0.3793387964193792,-16.53579766607042,7.90723576074;818.691366525,0.9206424245386244,0.2630971427912122,-21.71603072021249,-38.9190116107;23.4093419187;817.623687864,quadratic,0.9206424245386244,0.2630971427912122,-21.71603072021249,-38.9190116107;23.4093419187;817.623687864,minimum finite AICc among candidates with R2 > 0.8,regression coefficients + residual variance (locked ordinary workflow)
lake_074_original_b01,74,original,B1,11,0.8737652958284283,0.2056399669349742,-25.3672527683134,11.1049961746;576.579201577,0.8740470014956271,0.2054103854592182,-20.15373258756775,3.07366682152;9.37962305589;576.814012221,linear,0.8737652958284283,0.2056399669349742,-25.3672527683134,11.1049961746;576.579201577,minimum finite AICc among candidates with R2 > 0.8,regression coefficients + residual variance (locked ordinary workflow)
lake_077_original_b01,77,original,B1,26,0.9029222864177296,0.2994408242610107,-55.61269097025649,13.8577434167;598.034494483,0.9082488009454596,0.2911099933298643,-54.26605125765034,-23.3074973665;22.4417483277;597.360042072,linear,0.9029222864177296,0.2994408242610107,-55.61269097025649,13.8577434167;598.034494483,minimum finite AICc among candidates with R2 > 0.8,regression coefficients + residual variance (locked ordinary workflow)
lake_078_original_b01,78,original,B1,11,0.9619881346786584,0.2790268024486079,-18.65327215574581,16.6622493598;668.665049546,0.9929923138900636,0.119804643621601,-32.0149756505972,-45.2001851566;32.6465213561;667.583021518,quadratic,0.9929923138900636,0.119804643621601,-32.0149756505972,-45.2001851566;32.6465213561;667.583021518,minimum finite AICc among candidates with R2 > 0.8,regression coefficients + residual variance (locked ordinary workflow)
lake_084_original_b01,84,original,B1,15,0.7744140939428037,0.483415074979632,-13.62457059480372,13.6839524526;728.188483735,0.9513207732910924,0.2245618841070441,-32.808118702412635,-84.8763682587;43.4689885819;726.036127128,quadratic,0.9513207732910924,0.2245618841070441,-32.808118702412635,-84.8763682587;43.4689885819;726.036127128,minimum finite AICc among candidates with R2 > 0.8,regression coefficients + residual variance (locked ordinary workflow)
lake_086_original_b01,86,original,B1,13,0.7826808029859971,0.3755131195949386,-16.79934193739877,6.83062741166;560.891413268,0.8033807745384633,0.3571815845146159,-13.767285646895594,-14.5608554229;12.3018853692;560.541844954,quadratic,0.8033807745384633,0.3571815845146159,-13.767285646895594,-14.5608554229;12.3018853692;560.541844954,minimum finite AICc among candidates with R2 > 0.8,regression coefficients + residual variance (locked ordinary workflow)
lake_087_original_b01,87,original,B1,10,0.9372684678217575,0.2997825626876744,-14.09395716310066,18.6741422702;827.410029861,0.9451634908880424,0.2802840086866679,-9.439037462928376,-55.6958699519;34.1304710011;826.55327329,linear,0.9372684678217575,0.2997825626876744,-14.09395716310066,18.6741422702;827.410029861,minimum finite AICc among candidates with R2 > 0.8,regression coefficients + residual variance (locked ordinary workflow)
lake_088_original_b01,88,original,B1,28,0.8802598539514194,0.6994207052532717,-13.020159627030846,29.3666652687;838.318591748,0.8841949218969201,0.6878320289531492,-11.216663995150183,-38.9208158892;43.4064358051;837.228206071,linear,0.8802598539514194,0.6994207052532717,-13.020159627030846,29.3666652687;838.318591748,minimum finite AICc among candidates with R2 > 0.8,regression coefficients + residual variance (locked ordinary workflow)
lake_092_original_b01,92,original,B1,7,0.9651444151841564,0.1692884628315331,-10.866115938501384,7.1726167888;590.321364239,0.9702069010351464,0.1565124948386032,2.035327938495477,-18.3314692666;13.5849336316;590.050824562,linear,0.9651444151841564,0.1692884628315331,-10.866115938501384,7.1726167888;590.321364239,minimum finite AICc among candidates with R2 > 0.8,regression coefficients + residual variance (locked ordinary workflow)
lake_094_original_b01,94,original,B1,19,0.8433707651125083,0.3840736150648094,-28.762999477048467,9.45993928631;504.555199789,0.9399277150053642,0.2378565612105318,-43.71418104036403,-38.6944623905;23.9442677391;503.609737131,quadratic,0.9399277150053642,0.2378565612105318,-43.71418104036403,-38.6944623905;23.9442677391;503.609737131,minimum finite AICc among candidates with R2 > 0.8,regression coefficients + residual variance (locked ordinary workflow)
lake_097_original_b01,97,original,B1,23,0.8068001781718983,0.4849355383899798,-26.02885024631479,15.6779283935;827.025878259,0.8214992119056257,0.4661232014320166,-24.88982153377988,39.5580470109;4.67275768451;827.626796666,linear,0.8068001781718983,0.4849355383899798,-26.02885024631479,15.6779283935;827.025878259,minimum finite AICc among candidates with R2 > 0.8,regression coefficients + residual variance (locked ordinary workflow)
lake_098_original_b01,98,original,B1,20,0.9169164323153868,0.1809308685931414,-60.88561048595564,10.2381699133;939.441822518,0.9186638848480332,0.1790180458875976,-58.14407986166783,-8.86673427907;13.3402085787;939.20243524,linear,0.9169164323153868,0.1809308685931414,-60.88561048595564,10.2381699133;939.441822518,minimum finite AICc among candidates with R2 > 0.8,regression coefficients + residual variance (locked ordinary workflow)
lake_100_original_b01,100,original,B1,8,0.9869199474076772,0.1077961657413503,-23.6402110304298,14.0215396365;673.781216188,0.9911358914956286,0.0887393207584601,-17.419501664249445,-28.5263150537;22.8749554716;673.223313392,linear,0.9869199474076772,0.1077961657413503,-23.6402110304298,14.0215396365;673.781216188,minimum finite AICc among candidates with R2 > 0.8,regression coefficients + residual variance (locked ordinary workflow)
lake_101_original_b01,101,original,B1,22,0.9522474221200816,0.2401175832050739,-55.43823467287008,17.0484807492;493.601730334,0.9522479455646516,0.2401162671652376,-52.4188679862142,-0.262530179874;17.1288426919;493.596621261,linear,0.9522474221200816,0.2401175832050739,-55.43823467287008,17.0484807492;493.601730334,minimum finite AICc among candidates with R2 > 0.8,regression coefficients + residual variance (locked ordinary workflow)
lake_105_original_b01,105,original,B1,12,0.9233171886403502,0.3580052863992872,-15.652980629088097,17.0636365993;749.345332693,0.968794465257547,0.2283790388225241,-21.727680191163444,-66.9199890623;41.5628469674;747.457751152,quadratic,0.968794465257547,0.2283790388225241,-21.727680191163444,-66.9199890623;41.5628469674;747.457751152,minimum finite AICc among candidates with R2 > 0.8,regression coefficients + residual variance (locked ordinary workflow)
lake_108_original_b01,108,original,B1,19,0.9631921785625552,0.2098396868062511,-51.73363456650308,14.5748350205;464.765177357,0.9680853176664326,0.1953947252791155,-51.18673144303531,-26.7536732083;22.2958439471;464.356201268,linear,0.9631921785625552,0.2098396868062511,-51.73363456650308,14.5748350205;464.765177357,minimum finite AICc among candidates with R2 > 0.8,regression coefficients + residual variance (locked ordinary workflow)
lake_112_original_b01,112,original,B1,19,0.8228230057835033,0.3664633875667033,-30.5465530854827,9.26855181687;736.296155407,0.8229858862974153,0.3662949021778152,-27.306885144639484,-1.63856411325;9.8243637808;736.263860879,linear,0.8228230057835033,0.3664633875667033,-30.5465530854827,9.26855181687;736.296155407,minimum finite AICc among candidates with R2 > 0.8,regression coefficients + residual variance (locked ordinary workflow)
lake_113_original_b01,113,original,B1,14,0.8236118899144254,0.2744953790011636,-27.79898386759453,7.58106497083;490.057918825,0.8617394374236543,0.2430242122414109,-27.16419320460222,-18.5895538252;14.1124217412;489.613056201,linear,0.8236118899144254,0.2744953790011636,-27.79898386759453,7.58106497083;490.057918825,minimum finite AICc among candidates with R2 > 0.8,regression coefficients + residual variance (locked ordinary workflow)
lake_114_original_b01,114,original,B1,12,0.9419106783938752,0.1342473171648101,-39.19371671202306,7.60706155756;684.894582408,0.941968685744794,0.134180271483451,-34.49142005142728,-1.11234241524;7.91039155822;684.879597721,linear,0.9419106783938752,0.1342473171648101,-39.19371671202306,7.60706155756;684.894582408,minimum finite AICc among candidates with R2 > 0.8,regression coefficients + residual variance (locked ordinary workflow)
lake_116_original_b01,116,original,B1,18,0.9387285225654612,0.2239484397047594,-46.15393389214702,14.3692791471;1002.79901014,0.9504303217096416,0.2014312810999652,-46.606128652586825,-37.8034355665;23.6538603876;1002.37276845,quadratic,0.9504303217096416,0.2014312810999652,-46.606128652586825,-37.8034355665;23.6538603876;1002.37276845,minimum finite AICc among candidates with R2 > 0.8,regression coefficients + residual variance (locked ordinary workflow)
lake_119_original_b01,119,original,B1,10,0.9927806832448932,0.0686036771394289,-43.588182861425686,18.8966273516;987.90054659,0.9936632429017024,0.0642736370066914,-38.89211463414869,-26.4899198988;26.5245048683;987.399781796,linear,0.9927806832448932,0.0686036771394289,-43.588182861425686,18.8966273516;987.90054659,minimum finite AICc among candidates with R2 > 0.8,regression coefficients + residual variance (locked ordinary workflow)
lake_126_original_b01,126,original,B1,12,0.973978862219792,0.0941192295107544,-47.71662963360146,9.78066633165;641.810837261,0.9739917605396544,0.0940958998160023,-43.008293628873325,-0.785932040467;9.96662559328;641.802603575,linear,0.973978862219792,0.0941192295107544,-47.71662963360146,9.78066633165;641.810837261,minimum finite AICc among candidates with R2 > 0.8,regression coefficients + residual variance (locked ordinary workflow)
lake_127_original_b01,127,original,B1,16,0.924031281449375,0.1953950488276204,-44.24742010705125,12.7582729974;996.800559821,0.924226155079721,0.1951442759210423,-40.65215212280191,4.43904569705;11.5738329157;996.866891857,linear,0.924031281449375,0.1953950488276204,-44.24742010705125,12.7582729974;996.800559821,minimum finite AICc among candidates with R2 > 0.8,regression coefficients + residual variance (locked ordinary workflow)
lake_132_original_b01,132,original,B1,17,0.956732722016156,0.1587204777514406,-54.7346074182413,15.270075099;642.256347313,0.9811732342949264,0.1046986384820753,-65.39341828284918,-60.9015912904;29.6838534642;641.579800548,quadratic,0.9811732342949264,0.1046986384820753,-65.39341828284918,-60.9015912904;29.6838534642;641.579800548,minimum finite AICc among candidates with R2 > 0.8,regression coefficients + residual variance (locked ordinary workflow)
lake_139_original_b01,139,original,B1,12,0.993347666725403,0.057237365118818,-59.65316058046562,14.943484099;791.79961809,0.9933973293616766,0.0570233136375351,-55.02879629175511,-3.19256094032;15.8306823967;791.745047147,linear,0.993347666725403,0.057237365118818,-59.65316058046562,14.943484099;791.79961809,minimum finite AICc among candidates with R2 > 0.8,regression coefficients + residual variance (locked ordinary workflow)
lake_141_original_b01,141,original,B1,17,0.7590511965774224,0.3112004520321704,-31.84265931438245,17.4523566266;924.94643712,0.8383151547660218,0.2549250363139273,-35.13738224426836,243.255301455;-39.8610003606;928.07863939,quadratic,0.8383151547660218,0.2549250363139273,-35.13738224426836,243.255301455;-39.8610003606;928.07863939,minimum finite AICc among candidates with R2 > 0.8,regression coefficients + residual variance (locked ordinary workflow)
lake_144_original_b01,144,original,B1,17,0.7873554059198681,0.5746096439111222,-10.992034015862563,30.3040131521;637.49020296,0.85619294350359,0.4725370176476032,-14.15439915690479,-330.885579917;92.0697397191;635.048395295,quadratic,0.85619294350359,0.4725370176476032,-14.15439915690479,-330.885579917;92.0697397191;635.048395295,minimum finite AICc among candidates with R2 > 0.8,regression coefficients + residual variance (locked ordinary workflow)
lake_145_original_b01,145,original,B1,14,0.8016286716336523,0.2090221429672594,-35.428822391691895,5.30749391724;547.396719435,0.8377461398719553,0.1890385441881486,-34.19807727747723,-10.7365721009;9.23936275474;547.114523501,linear,0.8016286716336523,0.2090221429672594,-35.428822391691895,5.30749391724;547.396719435,minimum finite AICc among candidates with R2 > 0.8,regression coefficients + residual variance (locked ordinary workflow)
lake_148_original_b01,148,original,B1,30,0.9006095052075659,0.1978790351128115,-90.2828852023648,15.3765283647;908.21028378,0.9116815588267332,0.1865318747936309,-91.14918864481054,-84.4909411471;31.5883612499;907.579400368,quadratic,0.9116815588267332,0.1865318747936309,-91.14918864481054,-84.4909411471;31.5883612499;907.579400368,minimum finite AICc among candidates with R2 > 0.8,regression coefficients + residual variance (locked ordinary workflow)
lake_149_original_b01,149,original,B1,20,0.9485199037237112,0.1674208314793463,-63.9897874933894,15.4683658946;740.61748597,0.9519751855699162,0.1617047089224168,-62.21266899222696,21.9007537439;10.8048168518;740.817811638,linear,0.9485199037237112,0.1674208314793463,-63.9897874933894,15.4683658946;740.61748597,minimum finite AICc among candidates with R2 > 0.8,regression coefficients + residual variance (locked ordinary workflow)
lake_151_original_b01,151,original,B1,13,0.8703996150013494,0.230571296628187,-29.480407271092144,12.7094069494;386.607124419,0.9679728397829216,0.1146202396605424,-43.31940285261962,-84.7108877631;33.5842444565;385.512162204,quadratic,0.9679728397829216,0.1146202396605424,-43.31940285261962,-84.7108877631;33.5842444565;385.512162204,minimum finite AICc among candidates with R2 > 0.8,regression coefficients + residual variance (locked ordinary workflow)
lake_153_original_b01,153,original,B1,13,0.8564720326396058,0.1958500615561968,-33.7238868520904,9.95149040425;757.354714855,0.911609682248514,0.1536943111287319,-35.692530690648134,-44.3781314906;20.4121114909;756.866396667,quadratic,0.911609682248514,0.1536943111287319,-35.692530690648134,-44.3781314906;20.4121114909;756.866396667,minimum finite AICc among candidates with R2 > 0.8,regression coefficients + residual variance (locked ordinary workflow)
lake_158_original_b01,158,original,B1,20,0.8299002291104922,0.3402965647991394,-35.61751168604596,25.0879698127;816.182685686,0.8850112065544877,0.2797908187975976,-40.28185456276875,220.185695973;-16.5618426274;817.945602074,quadratic,0.8850112065544877,0.2797908187975976,-40.28185456276875,220.185695973;-16.5618426274;817.945602074,minimum finite AICc among candidates with R2 > 0.8,regression coefficients + residual variance (locked ordinary workflow)
lake_162_original_b01,162,original,B1,7,0.9282422099811896,0.0860628004032267,-20.337492167654155,8.55244284084;453.581710411,0.9893659941029586,0.0331306071224372,-19.70216832331758,-70.2303388997;22.9569482173;452.988110247,linear,0.9282422099811896,0.0860628004032267,-20.337492167654155,8.55244284084;453.581710411,minimum finite AICc among candidates with R2 > 0.8,regression coefficients + residual variance (locked ordinary workflow)
lake_166_original_b01,166,original,B1,15,0.9254408467700856,0.2533863548252921,-33.00337764536462,44.6277430132;586.796334678,0.9264375072741708,0.2516871012829038,-29.38705873640764,-121.755127071;64.7303421057;586.016920848,linear,0.9254408467700856,0.2533863548252921,-33.00337764536462,44.6277430132;586.796334678,minimum finite AICc among candidates with R2 > 0.8,regression coefficients + residual variance (locked ordinary workflow)
lake_175_original_b01,175,original,B1,12,0.8495086761728274,0.1399689977421677,-38.192023814259166,7.10198878481;1077.75218346,0.8602528924514096,0.1348799932037298,-34.36659032850125,-38.4315660883;15.0801144597;1077.42256516,linear,0.8495086761728274,0.1399689977421677,-38.192023814259166,7.10198878481;1077.75218346,minimum finite AICc among candidates with R2 > 0.8,regression coefficients + residual variance (locked ordinary workflow)
lake_194_original_b01,194,original,B1,28,0.8514043544806167,0.1681940875751903,-92.82765426028124,26.4041462349;918.256762212,0.8664205469089623,0.1594694565723531,-93.07143028179566,232.420335188;-10.5393191941;919.669781411,quadratic,0.8664205469089623,0.1594694565723531,-93.07143028179566,232.420335188;-10.5393191941;919.669781411,minimum finite AICc among candidates with R2 > 0.8,regression coefficients + residual variance (locked ordinary workflow)
lake_1_branch_1_premerge,1,premerge,B1,7,0.9067686919643628,0.244254076336033,-12.733648186040266,13.1321640424;680.131134925,0.9352969540962376,0.2034807334831232,-8.290575360761792,55.5639568393;-27.042234408;687.205989332,linear,0.9067686919643628,0.244254076336033,-12.733648186040266,13.1321640424;680.131134925,minimum finite AICc among candidates with R2 > 0.8,regression coefficients (locked Lake 1/2/38 workflow)
lake_1_branch_2_premerge,1,premerge,B2,10,0.9679943093507132,0.7339905049752725,-0.4708980147599535,10.5041837271;672.750293961,0.9900613934491462,0.4090153332894837,-7.880052678734351,-4.97789024434;16.4438299582;671.716246285,quadratic,0.9900613934491462,0.4090153332894837,-7.880052678734351,-4.97789024434;16.4438299582;671.716246285,minimum finite AICc among candidates with R2 > 0.8,regression coefficients (locked Lake 1/2/38 workflow)
lake_1_merged_postmerge,1,postmerge,B1,12,0.963347733133228,0.3441835779505792,-20.264589237542527,2.42829260538;681.991172539,0.9636574706720684,0.3427261952919017,-16.699761961296584,0.0965729764979;1.89576909603;682.674260448,linear,0.963347733133228,0.3441835779505792,-20.264589237542527,2.42829260538;681.991172539,minimum finite AICc among candidates with R2 > 0.8,regression coefficients (locked Lake 1/2/38 workflow)
lake_202_original_b01,202,original,B1,10,0.9220681066289568,0.1167743087711861,-32.950243838667525,16.1995850079;680.547484358,0.9528656726921416,0.0908151590845507,-31.97858114078305,-119.396851513;36.2613394919;679.779518746,linear,0.9220681066289568,0.1167743087711861,-32.950243838667525,16.1995850079;680.547484358,minimum finite AICc among candidates with R2 > 0.8,regression coefficients + residual variance (locked ordinary workflow)
lake_217_original_b01,217,original,B1,12,0.8996302333102676,0.1430648035075441,-37.6669819198066,12.5114748223;570.107616131,0.9011161901985166,0.1420018298216427,-33.13168233521815,-22.7653954254;16.7728143464;569.934909971,linear,0.8996302333102676,0.1430648035075441,-37.6669819198066,12.5114748223;570.107616131,minimum finite AICc among candidates with R2 > 0.8,regression coefficients + residual variance (locked ordinary workflow)
lake_221_original_b01,221,original,B1,16,0.9020914865853576,0.2094605864074496,-42.02303004881979,41.8803699365;642.168578113,0.91776525802141,0.1919639836376772,-41.17795667631139,-514.132211684;104.470912413;640.382145015,linear,0.9020914865853576,0.2094605864074496,-42.02303004881979,41.8803699365;642.168578113,minimum finite AICc among candidates with R2 > 0.8,regression coefficients + residual variance (locked ordinary workflow)
lake_231_original_b01,231,original,B1,14,0.936278727444902,0.0914619117397098,-58.57131443807918,9.91785749965;561.354996109,0.9363343161328714,0.0914220086053851,-54.53908853943925,-4.94668686138;10.801433348;561.321908654,linear,0.936278727444902,0.0914619117397098,-58.57131443807918,9.91785749965;561.354996109,minimum finite AICc among candidates with R2 > 0.8,regression coefficients + residual variance (locked ordinary workflow)
lake_2_branch_1_premerge,2,premerge,B1,14,0.9643623788274356,0.2983026046829613,-28.77920286989672,11.1006458352;729.858173328,0.9816002358085892,0.2143427609722555,-34.72500803817676,15.645700594;0.554158129296;731.327501259,quadratic,0.9816002358085892,0.2143427609722555,-34.72500803817676,15.645700594;0.554158129296;731.327501259,minimum finite AICc among candidates with R2 > 0.8,regression coefficients (locked Lake 1/2/38 workflow)
lake_2_branch_2_premerge,2,premerge,B2,10,0.991971859745722,0.3970297595678003,-12.760595085242906,6.56194493914;721.449007765,0.9978575012333676,0.205104824240278,-21.68468185549755,1.1857365614;3.97768796446;722.318399373,quadratic,0.9978575012333676,0.205104824240278,-21.68468185549755,1.1857365614;3.97768796446;722.318399373,minimum finite AICc among candidates with R2 > 0.8,regression coefficients (locked Lake 1/2/38 workflow)
lake_2_merged_postmerge,2,postmerge,B1,5,0.9227935460889152,0.0771655430284981,-15.618022554157424,3.55863947041;726.07694407,0.9545346409838986,0.0592157080098494,1.734315657161332,19.6915374505;-99.9420635543;861.967489992,linear,0.9227935460889152,0.0771655430284981,-15.618022554157424,3.55863947041;726.07694407,minimum finite AICc among candidates with R2 > 0.8,regression coefficients (locked Lake 1/2/38 workflow)
lake_38_original,38,original,B1,14,0.956326025780291,0.5070449186879625,-13.9254500134282,9.09876146839;781.658948194,0.9926714205079132,0.2077040570370126,-35.60594842370657,-12.4602861745;18.3134773652;780.806151833,quadratic,0.9926714205079132,0.2077040570370126,-35.60594842370657,-12.4602861745;18.3134773652;780.806151833,minimum finite AICc among candidates with R2 > 0.8,regression coefficients (locked Lake 1/2/38 workflow)
