fit_unit_id,lake_id,phase,branch_label,selected_model,selected_r2,volume_formula,n_dates,first_date,last_date,reference_date,reference_wse_m,reference_area_km2,min_volume_1e6_m3,max_volume_1e6_m3,range_volume_1e6_m3,max_fill_rate_1e6_m3_day,max_drain_rate_1e6_m3_day,source_kind
lake_004_original_b02,4,original,B2,quadratic,0.9954221719414909,reference_wse_integral_A(h)_dh,43,2024-06-28,2024-08-14,2024-07-21,649.9647432351212,1.6468,0.0,6.684728761675282,6.684728761675282,0.6068194468600363,-0.220392845886996,ordinary_densified_area_wse
lake_005_original_b01,5,original,B1,linear,0.9713421125862364,reference_wse_integral_A(h)_dh,24,2024-07-03,2024-08-14,2024-07-21,771.1666387454732,1.1407,0.0,5.446286889467733,5.446286889467733,0.5948100912324339,-0.2480280013812514,ordinary_densified_area_wse
lake_006_original_b01,6,original,B1,linear,0.9828433422917208,reference_wse_integral_A(h)_dh,17,2024-07-07,2024-08-06,2024-07-13,679.2676718126392,1.1455,-0.1202560317993164,3.1399370275616705,3.260193059360987,0.5325627388504586,-0.8590422539635608,ordinary_densified_area_wse
lake_007_original_b01,7,original,B1,quadratic,0.9876562651115064,reference_wse_integral_A(h)_dh,14,2024-07-05,2024-07-28,2024-07-14,668.8902130126953,0.50735,-1.0209944833520823,3.204041116927956,4.225035600280038,1.9074246820667604,-1.7979389139722846,ordinary_densified_area_wse
lake_008_original_b01,8,original,B1,quadratic,0.8781310540485593,reference_wse_integral_A(h)_dh,45,2024-06-26,2024-08-14,2024-07-06,771.6596069335938,0.4561,-0.012299560546875,4.439461475371133,4.451761035918008,0.9422220231443122,-1.6926454191130875,ordinary_densified_area_wse
lake_009_original_b01,9,original,B1,quadratic,0.9871736615990636,reference_wse_integral_A(h)_dh,26,2024-07-06,2024-08-14,2024-07-21,721.548757622835,0.6863,0.0,4.191388782124704,4.191388782124704,0.5138911621256824,-0.1540413483728496,ordinary_densified_area_wse
lake_010_original_b01,10,original,B1,linear,0.95597500605825,reference_wse_integral_A(h)_dh,21,2024-07-02,2024-07-29,2024-07-19,716.6788525390625,0.14945,-0.0433293869541652,2.376798378090112,2.420127765044277,0.7099731979714594,-0.7049311945683533,ordinary_densified_area_wse
lake_011_original_b01,11,original,B1,quadratic,0.9918554872802272,reference_wse_integral_A(h)_dh,42,2024-06-27,2024-08-14,2024-07-17,707.1583016348576,1.0134,0.0,5.225248615769496,5.225248615769496,0.6440289235015819,-0.3011555551321013,ordinary_densified_area_wse
lake_012_original_b01,12,original,B1,quadratic,0.9936286952789156,reference_wse_integral_A(h)_dh,21,2024-07-05,2024-08-03,2024-07-26,666.837158203125,0.1620112127766333,-184.4411419826716,0.6177656540216208,185.0589076366932,151.24536658732927,-173.38585308837614,ordinary_densified_area_wse
lake_013_original_b01,13,original,B1,linear,0.9095710842474204,reference_wse_integral_A(h)_dh,33,2024-06-27,2024-08-14,2024-07-06,621.4993515014648,0.6062,0.0,3.698078907960896,3.698078907960896,0.7197432455835384,-0.932070312116834,ordinary_densified_area_wse
lake_015_original_b01,15,original,B1,quadratic,0.9390641702006912,reference_wse_integral_A(h)_dh,34,2024-07-06,2024-08-14,2024-07-26,670.7618664550781,0.5032,-0.0353357230904139,1.230957008631283,1.2662927317216972,0.2787445598493195,-0.294531717803544,ordinary_densified_area_wse
lake_016_original_b01,16,original,B1,quadratic,0.9885773508331244,reference_wse_integral_A(h)_dh,36,2024-06-26,2024-08-11,2024-07-17,757.4091262817383,0.9197,0.0,5.484362943747777,5.484362943747777,0.6310839822599571,-0.3589928977260617,ordinary_densified_area_wse
lake_019_original_b01,19,original,B1,linear,0.9787666300487632,reference_wse_integral_A(h)_dh,40,2024-06-29,2024-08-14,2024-07-26,725.5661315917969,0.55,-0.388145695889584,3.6540788432033526,4.0422245390929366,0.5869906539223954,-0.4857883509406056,ordinary_densified_area_wse
lake_023_original_b01,23,original,B1,linear,0.9973604668761474,reference_wse_integral_A(h)_dh,24,2024-06-28,2024-08-06,2024-07-16,897.0579391479492,0.5472,0.0,3.915456310483108,3.915456310483108,0.6659767246614857,-0.0882027133276199,ordinary_densified_area_wse
lake_026_original_b01,26,original,B1,linear,0.8074632386927036,reference_wse_integral_A(h)_dh,47,2024-06-22,2024-08-14,2024-06-29,588.3817138671875,0.1599499999999998,-0.3041617610105664,2.5678871140088746,2.8720488750194413,0.6439246276915853,-1.08999502476414,ordinary_densified_area_wse
lake_027_original_b01,27,original,B1,quadratic,0.961351803172745,reference_wse_integral_A(h)_dh,23,2024-07-06,2024-08-14,2024-07-16,727.8418903923853,0.6221,0.0,1.3005770006645527,1.3005770006645527,0.1907217059406053,-0.2311770565577729,ordinary_densified_area_wse
lake_028_original_b01,28,original,B1,quadratic,0.8926043879586457,reference_wse_integral_A(h)_dh,44,2024-06-26,2024-08-14,2024-07-24,439.0898803767541,0.2650735596103004,0.0,2.5011477430653035,2.5011477430653035,0.5860213689272876,-1.8261500810478284,ordinary_densified_area_wse
lake_030_original_b01,30,original,B1,quadratic,0.9989094619743536,reference_wse_integral_A(h)_dh,17,2024-07-05,2024-07-21,2024-07-12,672.3946228027344,0.59675,0.0,1.6789582491482065,1.6789582491482065,0.3956955575602844,-1.6391524686562355,ordinary_densified_area_wse
lake_032_original_b01,32,original,B1,quadratic,0.9945577847634488,reference_wse_integral_A(h)_dh,33,2024-06-26,2024-08-13,2024-07-19,792.6497802734375,0.56575,-0.0005251890606363,4.041852977402715,4.042378166463351,0.4754973849739292,-0.35375849348961,ordinary_densified_area_wse
lake_034_original_b01,34,original,B1,quadratic,0.963758820154372,reference_wse_integral_A(h)_dh,24,2024-07-07,2024-08-09,2024-07-18,585.5370920218674,0.5365,0.0,2.1040555505434027,2.1040555505434027,0.1864698547911532,-0.2263804878561438,ordinary_densified_area_wse
lake_036_original_b01,36,original,B1,quadratic,0.9682528756895036,reference_wse_integral_A(h)_dh,43,2024-06-23,2024-08-14,2024-06-29,746.67236328125,0.19005,-0.007365421104437,1.7730583830784947,1.7804238041829317,0.2508828914576403,-0.1770726396279825,ordinary_densified_area_wse
lake_040_original_b01,40,original,B1,linear,0.8671737828704652,reference_wse_integral_A(h)_dh,26,2024-07-05,2024-08-14,2024-08-03,732.4757206857147,0.3103,-0.0473645370098586,0.7417500515030502,0.7891145885129088,0.2528452775746735,-0.2003119672080908,ordinary_densified_area_wse
lake_042_original_b01,42,original,B1,quadratic,0.9954793396176228,reference_wse_integral_A(h)_dh,15,2024-07-04,2024-07-22,2024-07-15,769.8418301669034,0.3213,0.0,2.374594342900189,2.374594342900189,0.4309796698217545,-0.4703082365058183,ordinary_densified_area_wse
lake_045_original_b01,45,original,B1,quadratic,0.9908208566039184,reference_wse_integral_A(h)_dh,38,2024-07-03,2024-08-14,2024-07-21,936.5532541528336,0.4022,0.0,1.4593027014251714,1.4593027014251714,0.1971099498961309,-0.081589443728606,ordinary_densified_area_wse
lake_047_original_b01,47,original,B1,linear,0.9265410302911714,reference_wse_integral_A(h)_dh,41,2024-06-28,2024-08-14,2024-07-04,595.677001953125,0.2571,0.0,2.680248836860335,2.680248836860335,0.4625350086977486,-0.5302422236335049,ordinary_densified_area_wse
lake_050_original_b01,50,original,B1,quadratic,0.9703422166845616,reference_wse_integral_A(h)_dh,35,2024-07-05,2024-08-13,2024-07-24,709.0671691894531,0.1452586527720996,-0.2271891877661876,0.8174528011695441,1.0446419889357317,0.5080791771942939,-0.2216087523251638,ordinary_densified_area_wse
lake_051_original_b01,51,original,B1,quadratic,0.9915024485158108,reference_wse_integral_A(h)_dh,30,2024-07-05,2024-08-06,2024-07-21,685.7994710747588,0.2,-0.1059251887975773,0.9491103260718406,1.055035514869418,0.2804927920453107,-0.135664424710904,ordinary_densified_area_wse
lake_052_original_b01,52,original,B1,quadratic,0.9386488598463748,reference_wse_integral_A(h)_dh,31,2024-07-05,2024-08-13,2024-07-24,599.5823040008545,0.1749800465950102,-0.1997162746745797,0.6462282268050499,0.8459445014796296,0.2885578611376456,-0.143927409711341,ordinary_densified_area_wse
lake_056_original_b01,56,original,B1,linear,0.9854720321718654,reference_wse_integral_A(h)_dh,40,2024-07-01,2024-08-13,2024-07-02,754.5155903361951,0.17265,-0.0129530948062143,0.9077736250045334,0.9207267198107478,0.2434608531753325,-0.1098411815138769,ordinary_densified_area_wse
lake_058_original_b01,58,original,B1,linear,0.94249761963386,reference_wse_integral_A(h)_dh,28,2024-07-03,2024-08-09,2024-07-14,904.7917579420744,0.2805999999999999,0.0,0.9740435443511476,0.9740435443511476,0.2501050750819209,-0.1031350732270806,ordinary_densified_area_wse
lake_059_original_b01,59,original,B1,quadratic,0.9833425595993384,reference_wse_integral_A(h)_dh,16,2024-07-08,2024-07-27,2024-07-13,730.8822326660156,0.2144,-0.0015735626625655,0.517783368260729,0.5193569309232945,0.1391589559738028,-0.1721887085709757,ordinary_densified_area_wse
lake_060_original_b01,60,original,B1,quadratic,0.953689067536846,reference_wse_integral_A(h)_dh,25,2024-07-03,2024-08-13,2024-07-13,961.6463245005086,0.3285,0.0,0.6076645923025696,0.6076645923025696,0.1346605296943035,-0.1165891156449491,ordinary_densified_area_wse
lake_066_original_b01,66,original,B1,quadratic,0.9706167103484968,reference_wse_integral_A(h)_dh,31,2024-07-04,2024-08-14,2024-07-26,843.956892047012,0.2186,0.0,0.7783829560141915,0.7783829560141915,0.1762492271114932,-0.1264858738633992,ordinary_densified_area_wse
lake_070_original_b01,70,original,B1,linear,0.9922508331015316,reference_wse_integral_A(h)_dh,22,2024-07-03,2024-08-04,2024-07-16,620.2231597900391,0.0687,-0.0867321631890404,1.4735210892041757,1.5602532523932162,0.3502476890887021,-0.7196393399383951,ordinary_densified_area_wse
lake_072_original_b02,72,original,B2,quadratic,0.9836159322497632,reference_wse_integral_A(h)_dh,21,2024-07-14,2024-08-14,2024-07-30,932.1851806640624,0.2359,-0.0083672189614453,0.3881430037307715,0.3965102226922168,0.1449046836178796,-0.0772233298944969,ordinary_densified_area_wse
lake_073_original_b01,73,original,B1,quadratic,0.9206424245386244,reference_wse_integral_A(h)_dh,20,2024-07-05,2024-08-05,2024-07-07,820.4271087646484,0.13355,-0.0769854253832554,0.2782148898939309,0.3552003152771863,0.0603094356000048,-0.0732587820467175,ordinary_densified_area_wse
lake_074_original_b01,74,original,B1,linear,0.8737652958284283,reference_wse_integral_A(h)_dh,14,2024-07-14,2024-08-13,2024-07-27,579.415666023506,0.2871,-0.6922566253791725,0.0,0.6922566253791725,0.0,-0.0750677758802147,ordinary_densified_area_wse
lake_077_original_b01,77,original,B1,linear,0.9029222864177296,reference_wse_integral_A(h)_dh,41,2024-07-01,2024-08-14,2024-07-24,599.9793701171875,0.1355362535118871,-0.080394079049508,0.5407949201793553,0.6211889992288633,0.1117995306738577,-0.3428313288197011,ordinary_densified_area_wse
lake_078_original_b01,78,original,B1,quadratic,0.9929923138900636,reference_wse_integral_A(h)_dh,17,2024-07-06,2024-07-26,2024-07-14,672.7986828179572,0.23855,-0.0320881589948484,0.6295622358621976,0.661650394857046,0.1063754520579803,-0.1195336515532734,ordinary_densified_area_wse
lake_084_original_b01,84,original,B1,quadratic,0.9513207732910924,reference_wse_integral_A(h)_dh,21,2024-07-01,2024-07-27,2024-07-11,730.0357243464543,0.127124234850271,-0.2024358211363307,0.2791759605313185,0.4816117816676493,0.1280572586464719,-0.107534192924695,ordinary_densified_area_wse
lake_086_original_b01,86,original,B1,quadratic,0.8033807745384633,reference_wse_integral_A(h)_dh,26,2024-07-07,2024-08-04,2024-07-08,561.9407187069164,0.0979,-0.0762356069530637,0.3623718309718178,0.4386074379248816,0.2198788770809106,-0.1106133529794376,ordinary_densified_area_wse
lake_087_original_b01,87,original,B1,linear,0.9372684678217575,reference_wse_integral_A(h)_dh,21,2024-07-09,2024-08-14,2024-08-11,830.1084434190439,0.1445,0.0,0.4334495562113986,0.4334495562113986,0.0758829104614434,-0.0987566481712535,ordinary_densified_area_wse
lake_088_original_b01,88,original,B1,linear,0.8802598539514194,reference_wse_integral_A(h)_dh,42,2024-06-29,2024-08-14,2024-07-03,842.5538876016001,0.1024,0.0,1.1313580773458485,1.1313580773458485,0.2076198250857048,-0.2371799949476784,ordinary_densified_area_wse
lake_092_original_b01,92,original,B1,linear,0.9651444151841564,reference_wse_integral_A(h)_dh,14,2024-07-01,2024-07-18,2024-07-03,591.8835601756007,0.2155,-0.0730591249056906,0.2776057842056603,0.3506649091113509,0.0899658829938864,-0.0549849062205199,ordinary_densified_area_wse
lake_094_original_b01,94,original,B1,quadratic,0.9399277150053642,reference_wse_integral_A(h)_dh,29,2024-07-05,2024-08-04,2024-07-20,505.7938656505659,0.1112,-0.1074267607058283,0.2792470326330816,0.3866737933389099,0.1554054736539277,-0.0915475358384209,ordinary_densified_area_wse
lake_097_original_b01,97,original,B1,linear,0.8068001781718983,reference_wse_integral_A(h)_dh,37,2024-06-26,2024-08-14,2024-07-04,829.0961487033617,0.13205,0.0,0.6001281694532024,0.6001281694532024,0.0930910663503372,-0.1723760258844646,ordinary_densified_area_wse
lake_098_original_b01,98,original,B1,linear,0.9169164323153868,reference_wse_integral_A(h)_dh,35,2024-07-06,2024-08-12,2024-07-24,941.6730346679688,0.2074674601681181,-0.001930904232941,0.3106881020504569,0.3126190062833979,0.0309281184610591,-0.0331291989457251,ordinary_densified_area_wse
lake_100_original_b01,100,original,B1,linear,0.9869199474076772,reference_wse_integral_A(h)_dh,15,2024-07-07,2024-08-02,2024-07-18,676.4287567138672,0.2119,-0.0724651827455879,0.4037713246592708,0.4762365074048588,0.1619969539296339,-0.1017158117488221,ordinary_densified_area_wse
lake_101_original_b01,101,original,B1,linear,0.9522474221200816,reference_wse_integral_A(h)_dh,35,2024-07-05,2024-08-13,2024-07-06,496.1470718383789,0.1073,-0.0640831093805323,0.4754220270758393,0.5395051364563717,0.1273061369910873,-0.0822060095254111,ordinary_densified_area_wse
lake_105_original_b01,105,original,B1,quadratic,0.968794465257547,reference_wse_integral_A(h)_dh,18,2024-06-29,2024-07-30,2024-07-05,751.5885467529297,0.1059,-0.0260752766875913,0.6474957629076118,0.6735710395952031,0.1193209377069206,-0.0670089542261727,ordinary_densified_area_wse
lake_108_original_b01,108,original,B1,linear,0.9631921785625552,reference_wse_integral_A(h)_dh,27,2024-07-06,2024-08-06,2024-07-07,467.1255340576172,0.15305,-0.0675467080351102,0.3736000078776553,0.4411467159127655,0.1394652800058883,-0.0734852443852782,ordinary_densified_area_wse
lake_112_original_b01,112,original,B1,linear,0.8228230057835033,reference_wse_integral_A(h)_dh,28,2024-06-27,2024-08-09,2024-07-12,737.3701862153553,0.11265,-0.1538999156497025,0.4043571760051269,0.5582570916548295,0.1284441441755504,-0.2668802945181784,ordinary_densified_area_wse
lake_113_original_b01,113,original,B1,linear,0.8236118899144254,reference_wse_integral_A(h)_dh,22,2024-07-06,2024-07-28,2024-07-07,491.0852661132813,0.28035,-0.0508124056217807,0.2746446621943026,0.3254570678160833,0.2448111591367005,-0.0721017650772284,ordinary_densified_area_wse
lake_114_original_b01,114,original,B1,linear,0.9419106783938752,reference_wse_integral_A(h)_dh,33,2024-06-29,2024-08-04,2024-07-15,685.1868896484375,0.0590662777213282,-0.0379703665017472,0.207153670552568,0.2451240370543152,0.1038288843577423,-0.0879343078761566,ordinary_densified_area_wse
lake_116_original_b01,116,original,B1,quadratic,0.9504303217096416,reference_wse_integral_A(h)_dh,26,2024-07-04,2024-08-06,2024-07-07,1004.8299865722656,0.11995,-0.0340032134431221,0.3838928898801533,0.4178961033232755,0.0812116131960393,-0.143631360852954,ordinary_densified_area_wse
lake_119_original_b01,119,original,B1,linear,0.9927806832448932,reference_wse_integral_A(h)_dh,16,2024-07-03,2024-07-22,2024-07-09,990.5302655575726,0.12865,0.0,0.4192533015788585,0.4192533015788585,0.1210239496456157,-0.4087192585577885,ordinary_densified_area_wse
lake_126_original_b01,126,original,B1,linear,0.973978862219792,reference_wse_integral_A(h)_dh,23,2024-07-03,2024-08-05,2024-07-14,642.5733187640155,0.06765,-0.1031513752674114,0.1759278092983471,0.2790791845657586,0.1759278092983471,-0.0590071907915374,ordinary_densified_area_wse
lake_127_original_b01,127,original,B1,linear,0.924031281449375,reference_wse_integral_A(h)_dh,30,2024-07-06,2024-08-14,2024-07-21,998.5541844444926,0.1478,0.0,0.2967296988113387,0.2967296988113387,0.0466286501570155,-0.0422956904722705,ordinary_densified_area_wse
lake_132_original_b01,132,original,B1,quadratic,0.9811732342949264,reference_wse_integral_A(h)_dh,25,2024-07-05,2024-08-07,2024-07-05,643.8290405273438,0.092,-0.0672936684139171,0.1791374801683893,0.2464311485823064,0.0867566633998618,-0.060034724551292,ordinary_densified_area_wse
lake_139_original_b01,139,original,B1,linear,0.993347666725403,reference_wse_integral_A(h)_dh,22,2024-07-03,2024-08-14,2024-07-03,793.9689469841298,0.1463,-0.1374378039887542,0.1395602762236226,0.2769980802123769,0.0855050795327074,-0.0532281092501402,ordinary_densified_area_wse
lake_141_original_b01,141,original,B1,quadratic,0.8383151547660218,reference_wse_integral_A(h)_dh,22,2024-07-04,2024-08-09,2024-07-27,926.8995132446288,0.1324,-0.0272327268494037,0.2040272866718743,0.231260013521278,0.0457629128028699,-0.0719985108213161,ordinary_densified_area_wse
lake_144_original_b01,144,original,B1,quadratic,0.85619294350359,reference_wse_integral_A(h)_dh,24,2024-07-01,2024-08-04,2024-07-06,640.4681859419902,0.0861,-0.0994125089543849,0.2100837196465056,0.3094962286008906,0.0519990536731365,-0.0532553119259357,ordinary_densified_area_wse
lake_145_original_b01,145,original,B1,linear,0.8016286716336523,reference_wse_integral_A(h)_dh,22,2024-07-06,2024-08-03,2024-07-16,548.1143417358398,0.1626,-0.0851299067485849,0.2049667348860875,0.2900966416346724,0.1365576281278512,-0.0823663368536501,ordinary_densified_area_wse
lake_148_original_b01,148,original,B1,quadratic,0.9116815588267332,reference_wse_integral_A(h)_dh,41,2024-07-03,2024-08-14,2024-07-23,909.3765106201172,0.0607753026415593,-0.045313297166904,0.1271535041934834,0.1724668013603874,0.0460096574275412,-0.0539032133000318,ordinary_densified_area_wse
lake_149_original_b01,149,original,B1,linear,0.9485199037237112,reference_wse_integral_A(h)_dh,34,2024-06-29,2024-08-14,2024-07-14,742.3044582548596,0.11515,-0.1035948876381102,0.250333059186528,0.3539279468246382,0.0995057386821309,-0.1467814496361466,ordinary_densified_area_wse
lake_151_original_b01,151,original,B1,quadratic,0.9679728397829216,reference_wse_integral_A(h)_dh,16,2024-06-28,2024-07-14,2024-07-07,388.07222346255656,0.107,-0.0701746910040705,0.154981286152383,0.2251559771564536,0.1040332686867264,-0.0353058904623725,ordinary_densified_area_wse
lake_153_original_b01,153,original,B1,quadratic,0.911609682248514,reference_wse_integral_A(h)_dh,20,2024-06-28,2024-07-27,2024-07-08,757.94482421875,0.0603,-0.1411665000752971,0.0342197923749753,0.1753862924502724,0.0164011975689785,-0.0642283729965711,ordinary_densified_area_wse
lake_158_original_b01,158,original,B1,quadratic,0.8850112065544877,reference_wse_integral_A(h)_dh,36,2024-06-26,2024-08-14,2024-07-15,818.095186078905,0.0834,-0.0538952181389175,0.2886006325799999,0.3424958507189174,0.158399305511561,-0.0681085954964687,ordinary_densified_area_wse
lake_162_original_b01,162,original,B1,linear,0.9282422099811896,reference_wse_integral_A(h)_dh,10,2024-06-29,2024-07-08,2024-07-01,454.3341064453125,0.0685,-0.0007149223327636,0.1595004017403862,0.1602153240731499,0.1223572604414795,-0.0689084429486928,ordinary_densified_area_wse
lake_166_original_b01,166,original,B1,linear,0.9254408467700856,reference_wse_integral_A(h)_dh,21,2024-07-01,2024-07-22,2024-07-13,590.4779357910156,0.0852,-0.0892910890332002,0.1460446755543032,0.2353357645875035,0.0561656940167823,-0.0521529253952376,ordinary_densified_area_wse
lake_175_original_b01,175,original,B1,linear,0.8495086761728274,reference_wse_integral_A(h)_dh,24,2024-07-14,2024-08-14,2024-08-01,1078.7834530050004,0.14545,-0.0145720802691597,0.0998830873092252,0.1144551675783849,0.0490159433108693,-0.0690516166610184,ordinary_densified_area_wse
lake_194_original_b01,194,original,B1,quadratic,0.8664205469089623,reference_wse_integral_A(h)_dh,41,2024-06-28,2024-08-14,2024-07-24,920.175048828125,0.0701632341024378,-0.0141301795624991,0.103890472120632,0.1180206516831312,0.0714110775767523,-0.0219591249769166,ordinary_densified_area_wse
lake_1_branch_1_premerge,1,premerge,B1,linear,0.9067686919643628,reference_wse_integral_A(h)_dh,15,2024-06-26,2024-07-11,2024-07-08,684.1067504882812,0.3042,0.0,0.9441305638850198,0.9441305638850198,0.3115315224964364,-0.4394376882981713,lake1_2_full_area_wse_timeseries
lake_1_branch_2_premerge,1,premerge,B2,quadratic,0.9900613934491462,reference_wse_integral_A(h)_dh,16,2024-06-26,2024-07-11,2024-07-03,676.3639362950615,0.2058,0.0,6.392955062207196,6.392955062207196,1.1877260352691672,-0.0122960173412101,lake1_2_full_area_wse_timeseries
lake_1_merged_postmerge,1,postmerge,B1,linear,0.963347733133228,reference_wse_integral_A(h)_dh,27,2024-07-12,2024-08-14,2024-08-08,689.5635833740234,3.118409543498343,0.0,15.732453904841435,15.732453904841435,1.9645619663028333,-4.175353674870622,lake1_2_full_area_wse_timeseries
lake_202_original_b01,202,original,B1,linear,0.9220681066289568,reference_wse_integral_A(h)_dh,18,2024-07-06,2024-08-04,2024-07-16,681.8724594116211,0.0821,-0.0594933124911128,0.0485428257512541,0.1080361382423669,0.0285438653213882,-0.0361656315497199,ordinary_densified_area_wse
lake_217_original_b01,217,original,B1,linear,0.8996302333102676,reference_wse_integral_A(h)_dh,17,2024-07-09,2024-08-05,2024-07-18,571.3515773866235,0.1066,-0.0938874701084935,0.0651102458694764,0.15899771597797,0.0651102458694764,-0.0202777888455883,ordinary_densified_area_wse
lake_221_original_b01,221,original,B1,linear,0.9020914865853576,reference_wse_integral_A(h)_dh,21,2024-06-29,2024-07-20,2024-07-09,644.8704833984375,0.07035,-0.0463462716487818,0.0778109736274976,0.1241572452762794,0.0227602267367544,-0.0171014124382107,ordinary_densified_area_wse
lake_231_original_b01,231,original,B1,linear,0.936278727444902,reference_wse_integral_A(h)_dh,17,2024-07-14,2024-08-06,2024-07-26,562.0154362874526,0.0579,-0.0965357829907775,0.0,0.0965357829907775,0.0091068133416393,-0.0322292144913464,ordinary_densified_area_wse
lake_2_branch_1_premerge,2,premerge,B1,quadratic,0.9816002358085892,reference_wse_integral_A(h)_dh,28,2024-06-26,2024-07-29,2024-06-30,733.6904028467385,0.3580226787315366,0.0,1.574730449760574,1.574730449760574,0.3352623004648467,-0.324003906623811,lake1_2_full_area_wse_timeseries
lake_2_branch_2_premerge,2,premerge,B2,quadratic,0.9978575012333676,reference_wse_integral_A(h)_dh,25,2024-06-27,2024-07-29,2024-07-14,730.9103042628005,1.49435,0.0,14.646472348921977,14.646472348921977,1.5540713516183458,-0.0649777860016562,lake1_2_full_area_wse_timeseries
lake_2_merged_postmerge,2,postmerge,B1,linear,0.9227935460889152,reference_wse_integral_A(h)_dh,12,2024-07-31,2024-08-14,2024-08-05,735.5905972252247,2.7071,-0.0242945215114951,1.774445585782854,1.7987401072943492,0.8457519286863899,-0.7340935412961449,lake1_2_full_area_wse_timeseries
lake_38_original,38,original,B1,quadratic,0.9926714205079132,reference_wse_integral_A(h)_dh,25,2024-06-23,2024-07-27,2024-06-28,785.318359375,0.2987,-0.0511694506431474,1.7595141792098097,1.810683629852957,0.2152057036380796,-0.644750402427672,ordinary_densified_area_wse
